3cs.lk,486
abansit.lk,92
ada.lk,1557
adaderana.lk,15483
adaderana.lk,2
adhere.lk,42
agaram.lk,78
agrarianvav.lk,16
ahmadtea.lk,15
airport.lk,607
airtel.lk,947
aithiya.lk,183
akaza.lk,24
akbar.com,660
alphabusiness.lk,16
anybanq.lk,16
apictures.lk,43
apiit.lk,355
appleasia.lk,39
applications.lk,182
architectssrilanka.org,37
aruna.lk,293
asiangrammar.lk,89
asianmirror.lk,502
asiasecurities.lk,127
asirihardware.lk,18
atimes.com,29520
atimes.com,8
aussie.lk,15
australianwellness.lk,9
b2b.lk,73
baiscope.lk,122
bamgreen.lk,150
barclays.lk,620
barnhouse.lk,73
bata.lk,113
bepost.lk,8
bookhunter.lk,28
britishcouncil.lk,1486
bu.lk,318
budusarana.lk,155
buonappetitofoods.lk,61
buyserandib.lk,1
caa.gov.lk,189
caa.lk,1007
cal.lk,119
camerapro.lk,37
campusone.lk,4
capitaltrust.lk,353
carbonnews.lk,3
careka.lk,41
casrilanka.com,291
catchme.lk,405
cbsl.gov.lk,1925
cbsl.gov.lk,2
cbsl.lk,70
cda.gov.lk,59
cdbinet.lk,3
ceb.lk,830
celltronics.lk,388
certislankacourier.com,138
ceslerp.lk,191
ceyentra.lk,2
ceylonlanka.info,374
ceylontoday.lk,11331
ceylontoday.lk,1
ceypetco.gov.lk,365
chamber.lk,575
chargenet.lk,93
cheflanka.com.au,91
cheflanka.com.au,14
chordslankalk.com,113
chordssrilanka.com,189
chta.lk,2
cida.gov.lk,92
cineru.lk,100
cir.lk,69
citizen.lk,425
citizenslanka.org,92
cityads.lk,42
clubpalmbay.lk,37
codl.lk,246
coffeeworks.lk,15
col3negoriginal.lk,1476
colombopage.com,16832
colombopage.com,2
colombopost.lk,16
colombotimes.lk,165
combank.lk,297
contacts.lk,46
corn.lk,2
creativeminds.lk,97
crocodilesrilanka.com,69
cryptonationacademy.lk,5
cse.lk,860
cupertino.lk,2
customs.gov.lk,1514
customs.gov.lk,7
cyberdeals.lk,30
dailyceylon.lk,103
dailymirror.lk,23296
dailymirror.lk,5
dailynews.lk,17664
dailynews.lk,6
daph.gov.lk,218
datatouch.lk,1
dea.gov.lk,55
dealhub.lk,23
defence.lk,1347
defence.lk,3
dekma.lk,18
desertcart.lk,85
deshaya.lk,888
dialog.lk,1553
dilmahtea.com,889
dilmahtea.com,2
dinamina.lk,9761
dinamina.lk,1
dlb.lk,851
dnc.lk,13
doc.lk,100
documents.gov.lk,13678
doenets.lk,954
domains.lk,136
dos.lk,8
dotlinklanka.lk,2
dpcode.lk,10
drc.gov.lk,416
dscsc.lk,299
eastlink.lk,167
ecell.lk,34
echelon.lk,87
edb.gov.lk,169
edukinniya.lk,17
edutoys.lk,21
eelamweb.com,583
egrn.lk,6
emerald.lk,114
en.wikipedia.org,80038
en.wikipedia.org,42
enenapiyasa.lk,45
energy.gov.lk,186
energy.gov.lk,1
eprice.lk,22
erd.gov.lk,373
eslims.gov.lk,27
esn.ac.lk,1133
esoft.lk,298
etenders.lk,218
evclub.lk,40
export-lanka.com,74
fame.lk,59
fastbuy.lk,84
fastnews.lk,104
fds.ac.lk,6
firstcapital.lk,146
flich.lk,5
flytolanka.com,4
foyo.lk,2
ft.lk,18306
gagana.lk,51
galileo.lk,53
gamestreet.lk,110
gic.gov.lk,671
glm.lk,1
glomark.lk,44
goldfm.lk,10604
google.lk,34719
google.lk,4
gossiplanka-hotnews.com,202
gossiplankanews.com,2957
gossipmachan.lk,31
gov.lk,11117
gov.lk,2
govdoc.lk,66
govjob.lk,91
greasemonkey.lk,90
greenline.lk,100
gshealth.lk,103
hanika.lk,130
headlinenews.lk,32
health.gov.lk,1086
health.gov.lk,1
helakuru.lk,87
hirufm.lk,1455
hirunews.lk,4021
hitwicket.lk,128
hnb.lk,522
hogwa.lk,9
horizoncampus.edu.lk,725
house.lk,143
hsbc.lk,752
hsbc.lk,2
hungrill.lk,55
hutch.lk,804
ict-history.lk,37
idealsoft.lk,53
idealz.lk,99
ideamart.lk,518
idevice.lk,80
ido.lk,57
iit.ac.lk,931
ijse.lk,244
ikman.lk,1672
ikman.lk,1
imagine.lk,146
imbs.lk,7
imexport.gov.lk,228
imexport.gov.lk,1
immigration.gov.lk,784
immigration.gov.lk,1
indeepa.edu.lk,5
infolanka.com,1688
infolanka.com,4
investsrilanka.com,907
investsrilanka.com,2
ipay.lk,36
ips.lk,997
ips.lk,4
island.lk,25859
island.lk,4
ispot.lk,11
itnnews.lk,578
janet.lk,10
janrichfoods.lk,73
jayasrilanka.net,483
jbs.lk,86
jlankatech.com,236
jnpsrilanka.lk,108
jobpool.lk,1
jungle.lk,83
kane.lk,2
karaokelanka.com,103
kdu.ac.lk,994
kelimandala.lk,254
kiki.lk,67
kiu.ac.lk,73
kln.ac.lk,1428
koombiyodelivery.lk,25
kuviyam.lk,16
lacnet.org,579
lacnet.org,1
lakbima.lk,3291
lakehouse.lk,775
lanka-micro.com,8
lankaaththa.lk,14
lankabell.com,436
lankabusinessnews.com,300
lankabusinessonline.com,1351
lankabuysell.com,434
lankacareersandtalents.com,8
lankaclip.info,10
lankacnews.com,1634
lankadatacenter.com,25
lankadeepa.lk,23061
lankadeepa.lk,2
lankaenews.com,938
lankagate.gov.lk,45
lankahost.lk,145
lankahost.net,259
lankahotnews.net,733
lankahq.net,679
lankalibrary.com,668
lankalibrary.com,1
lankalinksystems.com,649
lankanewsweb.net,921
lankasara.com,77
lankasathosa.lk,40
lankasri.com,2456
lankatimes.com,15213
lankatimes.lk,43
lankatruth.com,22361
lankaxpress.com,117
lankayurveda.com,4
lapcity.lk,8
lgn2.gov.lk,10
lifemobile.lk,177
liveat8.lk,74
loanme.lk,17
lolcfinance.lk,2
lsplk.com,163
lucky1.lk,18
lusterblue.lk,57
mabrocteas.com,258
maga.lk,278
mahamevnawa.lk,451
mahamevnawa.lk,1
maruads.lk,23
mawbima.lk,12320
mawratanews.lk,106
maya.lk,95
maza.lk,33
megapaysl.lk,41
melstahospitalsragama.lk,9
meteo.gov.lk,269
mfa.gov.lk,1402
mmsrilanka.com,158
mobitel.lk,1313
moe.gov.lk,2049
mohe.gov.lk,356
motortraffic.gov.lk,415
mpclg.gov.lk,27
mrt.ac.lk,1366
mrt.ac.lk,1
musaeus.lk,187
myfly.lk,24
myschool.lk,110
myshop.lk,180
mysoftlogic.lk,280
nanotek.lk,205
nation.lk,16633
nation.lk,3
natlib.lk,763
navy.lk,1027
nccsl.lk,239
ndbbank.com,448
ndbs.lk,152
nestle.lk,261
nethgossip.lk,984
nethnews.lk,3088
news.lk,19086
news.lk,2
news19.lk,33
news24.lk,370
newscutter.lk,36
newsfirst.lk,22698
newsfirst.lk,1
newsi.lk,34
newsline.lk,2
newswire.lk,327
nexxcom.lk,79
nic.lk,1166
nic.lk,1
nie.lk,708
ninenews.lk,14
nipo.gov.lk,266
nipponsolar.lk,70
nlb.lk,745
nsb.lk,736
nsbm.ac.lk,80
nsf.ac.lk,960
nsf.ac.lk,1
ntc.gov.lk,187
nwpedu.lk,92
ocbsrilanka.edu.lk,119
od.lk,67
odiris.lk,26
on.lk,14
oncredit.lk,16
onepay.lk,10
onlineaccounting.lk,42
onlineexams.gov.lk,55
onlinejobs.lk,232
onlinekade.lk,87
openlearn.lk,45
ou.ac.lk,1041
payhere.lk,82
pchouse.lk,268
peoplespay.lk,19
perfuma.lk,23
pgihs.ac.lk,66
pgihs.lk,146
phonebook.lk,116
pickme.lk,275
pixinn.net,76
pizzahut.lk,855
pizzahut.lk,1
pmd.gov.lk,38
police.lk,1068
president.gov.lk,1954
primetuition.lk,11
protean.com.lk,1
protein.lk,52
ps.gov.lk,1
pubad.gov.lk,985
pucsl.gov.lk,217
pureceylontea.com,548
pureceylontea.com,1
purewax.lk,32
quickpay.lk,15
radicalsrilanka.com,40
radio.com.lk,251
railway.gov.lk,598
rainbowpages.lk,531
rata.lk,36
rda.gov.lk,387
redlinetech.lk,217
reecha.lk,20
regen.lk,42
rgd.gov.lk,204
rgd.gov.lk,1
rjt.ac.lk,712
ruh.ac.lk,1160
saaravita.lk,627
sambole.lk,92
sampath.lk,577
sampath.lk,1
sarigama.lk,494
sd.lk,38
selanie.lk,14
sellx.lk,57
sense.lk,188
seosrilanka.net,88
serenediva.lk,20
seylan.lk,230
seylanbank.lk,6
sgs.lk,162
shophere.lk,38
sigmafeet.lk,62
silumina.lk,16447
singhagiri.lk,453
siyadesa.lk,160
sjp.ac.lk,1322
skyjobs.lk,204
slbc.lk,14185
slbcnews.lk,3
slbfe.lk,954
slbfe.lk,2
slembassyusa.org,3290
sliit.lk,1431
sliitacademy.lk,20
sllc.ac.lk,477
slmix.lk,54
slpa.lk,546
slpa.lk,1
slpost.gov.lk,3512
slpost.lk,236
slsi.lk,233
slsi.lk,1
slt.lk,1967
slt.lk,1
sltda.gov.lk,631
sltdigital.lk,3
sltdirectory.lk,2
songhub.lk,31
sooriyanfm.lk,618
spar.lk,22
sprpta.lk,169
srilankacricket.lk,993
srilankacricket.lk,1
srilankaembassyrome.org,794
srilankaequity.forumotion.com,54
srilankaimporter.com,63
srilankamirror.com,1190
srilankan.aero,726
srilankan.com,1761
srilankan.com,1
srilankanmatrimony.com,415
statistics.gov.lk,1676
stcmount.edu.lk,233
studyabroadguru.lk,13
syzygy.lk,12
tab.lk,173
tamilguru.lk,15
tamilmirror.lk,17133
tamilnet.com,23065
tamilnet.com,2
tecroot.lk,28
thamilan.lk,151
thegrand.lk,25
theleader.lk,89
themorning.lk,219
thinakkural.lk,612
timesjobs.lk,298
timesonline.lk,178
tisrilanka.org,319
toko.lk,19
topjobs.lk,1009
transexpress.lk,3
travelsrilanka.ch,84
treasury.gov.lk,1808
trueceylon.lk,78
truenews.lk,88
trulysrilanka.com,126
trv.lk,21
tryaksh.lk,15
ttvnews.lk,120
tvslankadealerhub.com,3
tyrebass.lk,9
tyreshoponline.lk,35
ubuy.com.lk,33
viswamcampus.edu.lk,2
vitawell.lk,131
voguejewellers.lk,119
w3campus.lk,3
wasi.lk,627
waterboard.lk,895
wealthtrust.lk,61
welendan.lk,1
wht.lk,22
wijeyadigital.lk,131
wycherleygampaha.lk,26
xmobile.lk,3
yesman.lk,26
yo.lk,169
zoom.lk,1392